Representative,RepresentativeLink,Constituency,ConstituencyLink,Province,Caucus,CaucusHomepage
"Ablonczy, Diane (Hon.)",ProfileMP.aspx?Key=170392&Language=E,Calgary—Nose Hill,ProfileConstituency.aspx?Key=514&Language=E,Alberta,Conservative,http://www.conservative.ca/
"Adams, Eve",ProfileMP.aspx?Key=170485&Language=E,Mississauga—Brampton South,ProfileConstituency.aspx?Key=437&Language=E,Ontario,Conservative,http://www.conservative.ca/
"Adler, Mark",ProfileMP.aspx?Key=170479&Language=E,York Centre,ProfileConstituency.aspx?Key=488&Language=E,Ontario,Conservative,http://www.conservative.ca/
"Aglukkaq, Leona (Hon.)",ProfileMP.aspx?Key=170884&Language=E,Nunavut,ProfileConstituency.aspx?Key=573&Language=E,Nunavut,Conservative,http://www.conservative.ca/
"Albas, Dan",ProfileMP.aspx?Key=170448&Language=E,Okanagan—Coquihalla,ProfileConstituency.aspx?Key=555&Language=E,British Columbia,Conservative,http://www.conservative.ca/
"Albrecht, Harold",ProfileMP.aspx?Key=170525&Language=E,Kitchener—Conestoga,ProfileConstituency.aspx?Key=602&Language=E,Ontario,Conservative,http://www.conservative.ca/
"Alexander, Chris (Hon.)",ProfileMP.aspx?Key=170437&Language=E,Ajax—Pickering,ProfileConstituency.aspx?Key=397&Language=E,Ontario,Conservative,http://www.conservative.ca/
"Allen, Malcolm ",ProfileMP.aspx?Key=170456&Language=E,Welland,ProfileConstituency.aspx?Key=483&Language=E,Ontario,NDP,http://www.ndp.ca/
"Allen, Mike ",ProfileMP.aspx?Key=170562&Language=E,Tobique—Mactaquac,ProfileConstituency.aspx?Key=332&Language=E,New Brunswick,Conservative,http://www.conservative.ca/
"Allison, Dean",ProfileMP.aspx?Key=170444&Language=E,Niagara West—Glanbrook,ProfileConstituency.aspx?Key=445&Language=E,Ontario,Conservative,http://www.conservative.ca/
"Ambler, Stella",ProfileMP.aspx?Key=170092&Language=E,Mississauga South,ProfileConstituency.aspx?Key=440&Language=E,Ontario,Conservative,http://www.conservative.ca/
"Ambrose, Rona (Hon.)",ProfileMP.aspx?Key=170519&Language=E,Edmonton—Spruce Grove,ProfileConstituency.aspx?Key=526&Language=E,Alberta,Conservative,http://www.conservative.ca/
"Anders, Rob",ProfileMP.aspx?Key=170305&Language=E,Calgary West,ProfileConstituency.aspx?Key=518&Language=E,Alberta,Conservative,http://www.conservative.ca/
"Anderson, David",ProfileMP.aspx?Key=170577&Language=E,Cypress Hills—Grasslands,ProfileConstituency.aspx?Key=505&Language=E,Saskatchewan,Conservative,http://www.conservative.ca/
"Andrews, Scott",ProfileMP.aspx?Key=170649&Language=E,Avalon,ProfileConstituency.aspx?Key=302&Language=E,Newfoundland and Labrador,Liberal,http://www.liberal.ca/
"Angus, Charlie",ProfileMP.aspx?Key=170184&Language=E,Timmins—James Bay,ProfileConstituency.aspx?Key=478&Language=E,Ontario,NDP,http://www.ndp.ca/
"Armstrong, Scott",ProfileMP.aspx?Key=170629&Language=E,Cumberland—Colchester—Musquodoboit Valley,ProfileConstituency.aspx?Key=318&Language=E,Nova Scotia,Conservative,http://www.conservative.ca/
"Ashfield, Keith (Hon.)",ProfileMP.aspx?Key=170143&Language=E,Fredericton,ProfileConstituency.aspx?Key=325&Language=E,New Brunswick,Conservative,http://www.conservative.ca/
"Ashton, Niki",ProfileMP.aspx?Key=170756&Language=E,Churchill,ProfileConstituency.aspx?Key=494&Language=E,Manitoba,NDP,http://www.ndp.ca/
"Aspin, Jay",ProfileMP.aspx?Key=170744&Language=E,Nipissing—Timiskaming,ProfileConstituency.aspx?Key=447&Language=E,Ontario,Conservative,http://www.conservative.ca/
"Atamanenko, Alex",ProfileMP.aspx?Key=170732&Language=E,British Columbia Southern Interior,ProfileConstituency.aspx?Key=561&Language=E,British Columbia,NDP,http://www.ndp.ca/
"Aubin, Robert",ProfileMP.aspx?Key=170320&Language=E,Trois-Rivières,ProfileConstituency.aspx?Key=394&Language=E,Québec,NDP,http://www.ndp.ca/
"Ayala, Paulina",ProfileMP.aspx?Key=170226&Language=E,Honoré-Mercier,ProfileConstituency.aspx?Key=353&Language=E,Québec,NDP,http://www.ndp.ca/
"Baird, John (Hon.)",ProfileMP.aspx?Key=170471&Language=E,Ottawa West—Nepean,ProfileConstituency.aspx?Key=455&Language=E,Ontario,Conservative,http://www.conservative.ca/
"Bateman, Joyce",ProfileMP.aspx?Key=170772&Language=E,Winnipeg South Centre,ProfileConstituency.aspx?Key=504&Language=E,Manitoba,Conservative,http://www.conservative.ca/
"Bélanger, Mauril (Hon.)",ProfileMP.aspx?Key=170111&Language=E,Ottawa—Vanier,ProfileConstituency.aspx?Key=454&Language=E,Ontario,Liberal,http://www.liberal.ca/
"Bellavance, André",ProfileMP.aspx?Key=170182&Language=E,Richmond—Arthabaska,ProfileConstituency.aspx?Key=383&Language=E,Québec,Bloc Québécois,http://www.blocquebecois.org/default.asp
"Bennett, Carolyn (Hon.)",ProfileMP.aspx?Key=170271&Language=E,St. Paul's,ProfileConstituency.aspx?Key=464&Language=E,Ontario,Liberal,http://www.liberal.ca/
"Benoit, Leon",ProfileMP.aspx?Key=170662&Language=E,Vegreville—Wainwright,ProfileConstituency.aspx?Key=533&Language=E,Alberta,Conservative,http://www.conservative.ca/
"Benskin, Tyrone",ProfileMP.aspx?Key=170276&Language=E,Jeanne-Le Ber,ProfileConstituency.aspx?Key=355&Language=E,Québec,NDP,http://www.ndp.ca/
"Bergen, Candice (Hon.)",ProfileMP.aspx?Key=170637&Language=E,Portage—Lisgar,ProfileConstituency.aspx?Key=498&Language=E,Manitoba,Conservative,http://www.conservative.ca/
"Bernier, Maxime (Hon.)",ProfileMP.aspx?Key=170141&Language=E,Beauce,ProfileConstituency.aspx?Key=337&Language=E,Québec,Conservative,http://www.conservative.ca/
"Bevington, Dennis",ProfileMP.aspx?Key=170821&Language=E,Western Arctic,ProfileConstituency.aspx?Key=572&Language=E,Northwest Territories,NDP,http://www.ndp.ca/
"Bezan, James",ProfileMP.aspx?Key=170657&Language=E,Selkirk—Interlake,ProfileConstituency.aspx?Key=500&Language=E,Manitoba,Conservative,http://www.conservative.ca/
"Blanchette, Denis",ProfileMP.aspx?Key=170215&Language=E,Louis-Hébert,ProfileConstituency.aspx?Key=578&Language=E,Québec,NDP,http://www.ndp.ca/
"Blanchette-Lamothe, Lysane",ProfileMP.aspx?Key=170188&Language=E,Pierrefonds—Dollard,ProfileConstituency.aspx?Key=377&Language=E,Québec,NDP,http://www.ndp.ca/
"Blaney, Steven (Hon.)",ProfileMP.aspx?Key=170274&Language=E,Lévis—Bellechasse,ProfileConstituency.aspx?Key=364&Language=E,Québec,Conservative,http://www.conservative.ca/
"Block, Kelly",ProfileMP.aspx?Key=170240&Language=E,Saskatoon—Rosetown—Biggar,ProfileConstituency.aspx?Key=507&Language=E,Saskatchewan,Conservative,http://www.conservative.ca/
"Boivin, Françoise",ProfileMP.aspx?Key=170299&Language=E,Gatineau,ProfileConstituency.aspx?Key=351&Language=E,Québec,NDP,http://www.ndp.ca/
"Borg, Charmaine",ProfileMP.aspx?Key=170229&Language=E,Terrebonne—Blainville,ProfileConstituency.aspx?Key=393&Language=E,Québec,NDP,http://www.ndp.ca/
"Boughen, Ray",ProfileMP.aspx?Key=170484&Language=E,Palliser,ProfileConstituency.aspx?Key=27&Language=E,Saskatchewan,Conservative,http://www.conservative.ca/
"Boulerice, Alexandre",ProfileMP.aspx?Key=170207&Language=E,Rosemont—La Petite-Patrie,ProfileConstituency.aspx?Key=580&Language=E,Québec,NDP,http://www.ndp.ca/
"Boutin-Sweet, Marjolaine",ProfileMP.aspx?Key=170151&Language=E,Hochelaga,ProfileConstituency.aspx?Key=352&Language=E,Québec,NDP,http://www.ndp.ca/
"Brahmi, Tarik",ProfileMP.aspx?Key=170307&Language=E,Saint-Jean,ProfileConstituency.aspx?Key=583&Language=E,Québec,NDP,http://www.ndp.ca/
"Braid, Peter",ProfileMP.aspx?Key=170367&Language=E,Kitchener—Waterloo,ProfileConstituency.aspx?Key=433&Language=E,Ontario,Conservative,http://www.conservative.ca/
"Breitkreuz, Garry",ProfileMP.aspx?Key=170247&Language=E,Yorkton—Melville,ProfileConstituency.aspx?Key=509&Language=E,Saskatchewan,Conservative,http://www.conservative.ca/
"Brison, Scott (Hon.)",ProfileMP.aspx?Key=170626&Language=E,Kings—Hants,ProfileConstituency.aspx?Key=317&Language=E,Nova Scotia,Liberal,http://www.liberal.ca/
"Brosseau, Ruth Ellen",ProfileMP.aspx?Key=170121&Language=E,Berthier—Maskinongé,ProfileConstituency.aspx?Key=340&Language=E,Québec,NDP,http://www.ndp.ca/
"Brown, Gordon  ",ProfileMP.aspx?Key=170192&Language=E,Leeds—Grenville,ProfileConstituency.aspx?Key=247&Language=E,Ontario,Conservative,http://www.conservative.ca/
"Brown, Lois ",ProfileMP.aspx?Key=170148&Language=E,Newmarket—Aurora,ProfileConstituency.aspx?Key=443&Language=E,Ontario,Conservative,http://www.conservative.ca/
"Brown, Patrick ",ProfileMP.aspx?Key=170139&Language=E,Barrie,ProfileConstituency.aspx?Key=400&Language=E,Ontario,Conservative,http://www.conservative.ca/
"Bruinooge, Rod",ProfileMP.aspx?Key=170197&Language=E,Winnipeg South,ProfileConstituency.aspx?Key=503&Language=E,Manitoba,Conservative,http://www.conservative.ca/
"Butt, Brad",ProfileMP.aspx?Key=170412&Language=E,Mississauga—Streetsville,ProfileConstituency.aspx?Key=441&Language=E,Ontario,Conservative,http://www.conservative.ca/
"Byrne, Gerry (Hon.)",ProfileMP.aspx?Key=170734&Language=E,Humber—St. Barbe—Baie Verte,ProfileConstituency.aspx?Key=304&Language=E,Newfoundland and Labrador,Liberal,http://www.liberal.ca/
"Calandra, Paul ",ProfileMP.aspx?Key=170339&Language=E,Oak Ridges—Markham,ProfileConstituency.aspx?Key=449&Language=E,Ontario,Conservative,http://www.conservative.ca/
"Calkins, Blaine",ProfileMP.aspx?Key=170646&Language=E,Wetaskiwin,ProfileConstituency.aspx?Key=535&Language=E,Alberta,Conservative,http://www.conservative.ca/
"Cannan, Ron (Hon.)",ProfileMP.aspx?Key=170089&Language=E,Kelowna—Lake Country,ProfileConstituency.aspx?Key=548&Language=E,British Columbia,Conservative,http://www.conservative.ca/
"Carmichael, John",ProfileMP.aspx?Key=170418&Language=E,Don Valley West,ProfileConstituency.aspx?Key=412&Language=E,Ontario,Conservative,http://www.conservative.ca/
"Caron, Guy",ProfileMP.aspx?Key=170671&Language=E,Rimouski-Neigette—Témiscouata—Les Basques,ProfileConstituency.aspx?Key=384&Language=E,Québec,NDP,http://www.ndp.ca/
"Carrie, Colin",ProfileMP.aspx?Key=170404&Language=E,Oshawa,ProfileConstituency.aspx?Key=451&Language=E,Ontario,Conservative,http://www.conservative.ca/
"Casey, Sean",ProfileMP.aspx?Key=170396&Language=E,Charlottetown,ProfileConstituency.aspx?Key=309&Language=E,Prince Edward Island,Liberal,http://www.liberal.ca/
"Cash, Andrew",ProfileMP.aspx?Key=170493&Language=E,Davenport,ProfileConstituency.aspx?Key=410&Language=E,Ontario,NDP,http://www.ndp.ca/
"Charlton, Chris",ProfileMP.aspx?Key=170199&Language=E,Hamilton Mountain,ProfileConstituency.aspx?Key=427&Language=E,Ontario,NDP,http://www.ndp.ca/
"Chicoine, Sylvain",ProfileMP.aspx?Key=170160&Language=E,Châteauguay—Saint-Constant,ProfileConstituency.aspx?Key=346&Language=E,Québec,NDP,http://www.ndp.ca/
"Chisholm, Robert",ProfileMP.aspx?Key=170644&Language=E,Dartmouth—Cole Harbour,ProfileConstituency.aspx?Key=314&Language=E,Nova Scotia,NDP,http://www.ndp.ca/
"Chisu, Corneliu",ProfileMP.aspx?Key=170558&Language=E,Pickering—Scarborough East,ProfileConstituency.aspx?Key=460&Language=E,Ontario,Conservative,http://www.conservative.ca/
"Chong, Michael (Hon.)",ProfileMP.aspx?Key=170497&Language=E,Wellington—Halton Hills,ProfileConstituency.aspx?Key=484&Language=E,Ontario,Conservative,http://www.conservative.ca/
"Choquette, François",ProfileMP.aspx?Key=170228&Language=E,Drummond,ProfileConstituency.aspx?Key=349&Language=E,Québec,NDP,http://www.ndp.ca/
"Chow, Olivia",ProfileMP.aspx?Key=170633&Language=E,Trinity—Spadina,ProfileConstituency.aspx?Key=481&Language=E,Ontario,NDP,http://www.ndp.ca/
"Christopherson, David",ProfileMP.aspx?Key=170251&Language=E,Hamilton Centre,ProfileConstituency.aspx?Key=425&Language=E,Ontario,NDP,http://www.ndp.ca/
"Clarke, Rob",ProfileMP.aspx?Key=170607&Language=E,Desnethé—Missinippi—Churchill River,ProfileConstituency.aspx?Key=25&Language=E,Saskatchewan,Conservative,http://www.conservative.ca/
"Cleary, Ryan",ProfileMP.aspx?Key=170371&Language=E,St. John's South—Mount Pearl,ProfileConstituency.aspx?Key=307&Language=E,Newfoundland and Labrador,NDP,http://www.ndp.ca/
"Clement, Tony (Hon.)",ProfileMP.aspx?Key=170352&Language=E,Parry Sound—Muskoka,ProfileConstituency.aspx?Key=457&Language=E,Ontario,Conservative,http://www.conservative.ca/
"Comartin, Joe",ProfileMP.aspx?Key=170538&Language=E,Windsor—Tecumseh,ProfileConstituency.aspx?Key=487&Language=E,Ontario,NDP,http://www.ndp.ca/
"Côté, Raymond",ProfileMP.aspx?Key=170262&Language=E,Beauport—Limoilou,ProfileConstituency.aspx?Key=339&Language=E,Québec,NDP,http://www.ndp.ca/
"Cotler, Irwin (Hon.)",ProfileMP.aspx?Key=170211&Language=E,Mount Royal,ProfileConstituency.aspx?Key=579&Language=E,Québec,Liberal,http://www.liberal.ca/
"Crockatt, Joan",ProfileMP.aspx?Key=190570&Language=E,Calgary Centre,ProfileConstituency.aspx?Key=515&Language=E,Alberta,Conservative,http://www.conservative.ca/
"Crowder, Jean",ProfileMP.aspx?Key=170315&Language=E,Nanaimo—Cowichan,ProfileConstituency.aspx?Key=600&Language=E,British Columbia,NDP,http://www.ndp.ca/
"Cullen, Nathan",ProfileMP.aspx?Key=170843&Language=E,Skeena—Bulkley Valley,ProfileConstituency.aspx?Key=560&Language=E,British Columbia,NDP,http://www.ndp.ca/
"Cuzner, Rodger",ProfileMP.aspx?Key=170638&Language=E,Cape Breton—Canso,ProfileConstituency.aspx?Key=312&Language=E,Nova Scotia,Liberal,http://www.liberal.ca/
"Daniel, Joe",ProfileMP.aspx?Key=170565&Language=E,Don Valley East,ProfileConstituency.aspx?Key=411&Language=E,Ontario,Conservative,http://www.conservative.ca/
"Davidson, Patricia",ProfileMP.aspx?Key=170097&Language=E,Sarnia—Lambton,ProfileConstituency.aspx?Key=465&Language=E,Ontario,Conservative,http://www.conservative.ca/
"Davies, Don ",ProfileMP.aspx?Key=170261&Language=E,Vancouver Kingsway,ProfileConstituency.aspx?Key=567&Language=E,British Columbia,NDP,http://www.ndp.ca/
"Davies, Libby  ",ProfileMP.aspx?Key=170224&Language=E,Vancouver East,ProfileConstituency.aspx?Key=565&Language=E,British Columbia,NDP,http://www.ndp.ca/
"Day, Anne-Marie",ProfileMP.aspx?Key=170127&Language=E,Charlesbourg—Haute-Saint-Charles,ProfileConstituency.aspx?Key=344&Language=E,Québec,NDP,http://www.ndp.ca/
"Dechert, Bob",ProfileMP.aspx?Key=170270&Language=E,Mississauga—Erindale,ProfileConstituency.aspx?Key=439&Language=E,Ontario,Conservative,http://www.conservative.ca/
"Del Mastro, Dean",ProfileMP.aspx?Key=170200&Language=E,Peterborough,ProfileConstituency.aspx?Key=459&Language=E,Ontario,Conservative Independent
"Devolin, Barry",ProfileMP.aspx?Key=170721&Language=E,Haliburton—Kawartha Lakes—Brock,ProfileConstituency.aspx?Key=423&Language=E,Ontario,Conservative,http://www.conservative.ca/
"Dewar, Paul",ProfileMP.aspx?Key=170296&Language=E,Ottawa Centre,ProfileConstituency.aspx?Key=591&Language=E,Ontario,NDP,http://www.ndp.ca/
"Dion, Stéphane (Hon.)",ProfileMP.aspx?Key=170086&Language=E,Saint-Laurent—Cartierville,ProfileConstituency.aspx?Key=584&Language=E,Québec,Liberal,http://www.liberal.ca/
"Dionne Labelle, Pierre",ProfileMP.aspx?Key=170169&Language=E,Rivière-du-Nord,ProfileConstituency.aspx?Key=387&Language=E,Québec,NDP,http://www.ndp.ca/
"Donnelly, Fin",ProfileMP.aspx?Key=170284&Language=E,New Westminster—Coquitlam,ProfileConstituency.aspx?Key=552&Language=E,British Columbia,NDP,http://www.ndp.ca/
"Doré Lefebvre, Rosane",ProfileMP.aspx?Key=170401&Language=E,Alfred-Pellan,ProfileConstituency.aspx?Key=335&Language=E,Québec,NDP,http://www.ndp.ca/
"Dreeshen, Earl",ProfileMP.aspx?Key=170209&Language=E,Red Deer,ProfileConstituency.aspx?Key=532&Language=E,Alberta,Conservative,http://www.conservative.ca/
"Dubé, Matthew",ProfileMP.aspx?Key=170102&Language=E,Chambly—Borduas,ProfileConstituency.aspx?Key=576&Language=E,Québec,NDP,http://www.ndp.ca/
"Dubourg, Emmanuel",ProfileMP.aspx?Key=199817&Language=E,Bourassa,ProfileConstituency.aspx?Key=341&Language=E,Québec,Liberal,http://www.liberal.ca/
"Duncan, John   (Hon.)",ProfileMP.aspx?Key=170742&Language=E,Vancouver Island North,ProfileConstituency.aspx?Key=566&Language=E,British Columbia,Conservative,http://www.conservative.ca/
"Duncan, Kirsty ",ProfileMP.aspx?Key=170334&Language=E,Etobicoke North,ProfileConstituency.aspx?Key=418&Language=E,Ontario,Liberal,http://www.liberal.ca/
"Duncan, Linda ",ProfileMP.aspx?Key=170183&Language=E,Edmonton—Strathcona,ProfileConstituency.aspx?Key=527&Language=E,Alberta,NDP,http://www.ndp.ca/
"Dusseault, Pierre-Luc",ProfileMP.aspx?Key=170324&Language=E,Sherbrooke,ProfileConstituency.aspx?Key=392&Language=E,Québec,NDP,http://www.ndp.ca/
"Dykstra, Rick",ProfileMP.aspx?Key=170661&Language=E,St. Catharines,ProfileConstituency.aspx?Key=463&Language=E,Ontario,Conservative,http://www.conservative.ca/
"Easter, Wayne (Hon.)",ProfileMP.aspx?Key=170158&Language=E,Malpeque,ProfileConstituency.aspx?Key=311&Language=E,Prince Edward Island,Liberal,http://www.liberal.ca/
"Eyking, Mark (Hon.)",ProfileMP.aspx?Key=170587&Language=E,Sydney—Victoria,ProfileConstituency.aspx?Key=321&Language=E,Nova Scotia,Liberal,http://www.liberal.ca/
"Falk, Ted",ProfileMP.aspx?Key=199875&Language=E,Provencher,ProfileConstituency.aspx?Key=499&Language=E,Manitoba,Conservative,http://www.conservative.ca/
"Fantino, Julian (Hon.)",ProfileMP.aspx?Key=170752&Language=E,Vaughan,ProfileConstituency.aspx?Key=482&Language=E,Ontario,Conservative,http://www.conservative.ca/
"Fast, Ed (Hon.)",ProfileMP.aspx?Key=170214&Language=E,Abbotsford,ProfileConstituency.aspx?Key=538&Language=E,British Columbia,Conservative,http://www.conservative.ca/
"Findlay, Kerry-Lynne D.  (Hon.)",ProfileMP.aspx?Key=170374&Language=E,Delta—Richmond East,ProfileConstituency.aspx?Key=543&Language=E,British Columbia,Conservative,http://www.conservative.ca/
"Finley, Diane  (Hon.)",ProfileMP.aspx?Key=170442&Language=E,Haldimand—Norfolk,ProfileConstituency.aspx?Key=422&Language=E,Ontario,Conservative,http://www.conservative.ca/
"Flaherty, Jim (Hon.)",ProfileMP.aspx?Key=170343&Language=E,Whitby—Oshawa,ProfileConstituency.aspx?Key=485&Language=E,Ontario,Conservative,http://www.conservative.ca/
"Fletcher, Steven (Hon.)",ProfileMP.aspx?Key=170398&Language=E,Charleswood—St. James—Assiniboia,ProfileConstituency.aspx?Key=493&Language=E,Manitoba,Conservative,http://www.conservative.ca/
"Foote, Judy",ProfileMP.aspx?Key=170758&Language=E,Random—Burin—St. George's,ProfileConstituency.aspx?Key=305&Language=E,Newfoundland and Labrador,Liberal,http://www.liberal.ca/
"Fortin, Jean-François",ProfileMP.aspx?Key=170403&Language=E,Haute-Gaspésie—La Mitis—Matane—Matapédia,ProfileConstituency.aspx?Key=370&Language=E,Québec,Bloc Québécois,http://www.blocquebecois.org/default.asp
"Freeland, Chrystia",ProfileMP.aspx?Key=199815&Language=E,Toronto Centre,ProfileConstituency.aspx?Key=479&Language=E,Ontario,Liberal,http://www.liberal.ca/
"Freeman, Mylène",ProfileMP.aspx?Key=170309&Language=E,Argenteuil—Papineau—Mirabel,ProfileConstituency.aspx?Key=336&Language=E,Québec,NDP,http://www.ndp.ca/
"Fry, Hedy (Hon.)",ProfileMP.aspx?Key=170551&Language=E,Vancouver Centre,ProfileConstituency.aspx?Key=564&Language=E,British Columbia,Liberal,http://www.liberal.ca/
"Galipeau, Royal",ProfileMP.aspx?Key=170487&Language=E,Ottawa—Orléans,ProfileConstituency.aspx?Key=452&Language=E,Ontario,Conservative,http://www.conservative.ca/
"Gallant, Cheryl",ProfileMP.aspx?Key=170643&Language=E,Renfrew—Nipissing—Pembroke,ProfileConstituency.aspx?Key=593&Language=E,Ontario,Conservative,http://www.conservative.ca/
"Garneau, Marc",ProfileMP.aspx?Key=170257&Language=E,Westmount—Ville-Marie,ProfileConstituency.aspx?Key=396&Language=E,Québec,Liberal,http://www.liberal.ca/
"Garrison, Randall",ProfileMP.aspx?Key=170462&Language=E,Esquimalt—Juan de Fuca,ProfileConstituency.aspx?Key=545&Language=E,British Columbia,NDP,http://www.ndp.ca/
"Genest, Réjean",ProfileMP.aspx?Key=170133&Language=E,Shefford,ProfileConstituency.aspx?Key=585&Language=E,Québec,NDP,http://www.ndp.ca/
"Genest-Jourdain, Jonathan",ProfileMP.aspx?Key=170604&Language=E,Manicouagan,ProfileConstituency.aspx?Key=368&Language=E,Québec,NDP,http://www.ndp.ca/
"Giguère, Alain",ProfileMP.aspx?Key=170545&Language=E,Marc-Aurèle-Fortin,ProfileConstituency.aspx?Key=369&Language=E,Québec,NDP,http://www.ndp.ca/
"Gill, Parm",ProfileMP.aspx?Key=170411&Language=E,Brampton—Springdale,ProfileConstituency.aspx?Key=403&Language=E,Ontario,Conservative,http://www.conservative.ca/
"Glover, Shelly (Hon.)",ProfileMP.aspx?Key=170166&Language=E,Saint Boniface,ProfileConstituency.aspx?Key=595&Language=E,Manitoba,Conservative,http://www.conservative.ca/
"Godin, Yvon",ProfileMP.aspx?Key=170451&Language=E,Acadie—Bathurst,ProfileConstituency.aspx?Key=323&Language=E,New Brunswick,NDP,http://www.ndp.ca/
"Goguen, Robert",ProfileMP.aspx?Key=170129&Language=E,Moncton—Riverview—Dieppe,ProfileConstituency.aspx?Key=329&Language=E,New Brunswick,Conservative,http://www.conservative.ca/
"Goldring, Peter",ProfileMP.aspx?Key=170747&Language=E,Edmonton East,ProfileConstituency.aspx?Key=522&Language=E,Alberta,Conservative,http://www.conservative.ca/
"Goodale, Ralph (Hon.)",ProfileMP.aspx?Key=170466&Language=E,Wascana,ProfileConstituency.aspx?Key=35&Language=E,Saskatchewan,Liberal,http://www.liberal.ca/
"Goodyear, Gary (Hon.)",ProfileMP.aspx?Key=170422&Language=E,Cambridge,ProfileConstituency.aspx?Key=407&Language=E,Ontario,Conservative,http://www.conservative.ca/
"Gosal, Bal (Hon.)",ProfileMP.aspx?Key=170433&Language=E,Bramalea—Gore—Malton,ProfileConstituency.aspx?Key=402&Language=E,Ontario,Conservative,http://www.conservative.ca/
"Gourde, Jacques",ProfileMP.aspx?Key=170238&Language=E,Lotbinière—Chutes-de-la-Chaudière,ProfileConstituency.aspx?Key=366&Language=E,Québec,Conservative,http://www.conservative.ca/
"Gravelle, Claude",ProfileMP.aspx?Key=170294&Language=E,Nickel Belt,ProfileConstituency.aspx?Key=446&Language=E,Ontario,NDP,http://www.ndp.ca/
"Grewal, Nina",ProfileMP.aspx?Key=170620&Language=E,Fleetwood—Port Kells,ProfileConstituency.aspx?Key=546&Language=E,British Columbia,Conservative,http://www.conservative.ca/
"Groguhé, Sadia",ProfileMP.aspx?Key=170303&Language=E,Saint-Lambert,ProfileConstituency.aspx?Key=389&Language=E,Québec,NDP,http://www.ndp.ca/
"Harper, Stephen (Right Hon.)",ProfileMP.aspx?Key=170287&Language=E,Calgary Southwest,ProfileConstituency.aspx?Key=517&Language=E,Alberta,Conservative,http://www.conservative.ca/
"Harris, Dan  ",ProfileMP.aspx?Key=170336&Language=E,Scarborough Southwest,ProfileConstituency.aspx?Key=471&Language=E,Ontario,NDP,http://www.ndp.ca/
"Harris, Jack ",ProfileMP.aspx?Key=170508&Language=E,St. John's East,ProfileConstituency.aspx?Key=306&Language=E,Newfoundland and Labrador,NDP,http://www.ndp.ca/
"Harris, Richard  M.",ProfileMP.aspx?Key=170512&Language=E,Cariboo—Prince George,ProfileConstituency.aspx?Key=541&Language=E,British Columbia,Conservative,http://www.conservative.ca/
"Hassainia, Sana",ProfileMP.aspx?Key=170636&Language=E,Verchères—Les Patriotes,ProfileConstituency.aspx?Key=395&Language=E,Québec,NDP,http://www.ndp.ca/
"Hawn, Laurie (Hon.)",ProfileMP.aspx?Key=170581&Language=E,Edmonton Centre,ProfileConstituency.aspx?Key=521&Language=E,Alberta,Conservative,http://www.conservative.ca/
"Hayes, Bryan",ProfileMP.aspx?Key=170430&Language=E,Sault Ste. Marie,ProfileConstituency.aspx?Key=466&Language=E,Ontario,Conservative,http://www.conservative.ca/
"Hiebert, Russ",ProfileMP.aspx?Key=170506&Language=E,South Surrey—White Rock—Cloverdale,ProfileConstituency.aspx?Key=562&Language=E,British Columbia,Conservative,http://www.conservative.ca/
"Hillyer, Jim",ProfileMP.aspx?Key=170740&Language=E,Lethbridge,ProfileConstituency.aspx?Key=528&Language=E,Alberta,Conservative,http://www.conservative.ca/
"Hoback, Randy",ProfileMP.aspx?Key=170601&Language=E,Prince Albert,ProfileConstituency.aspx?Key=28&Language=E,Saskatchewan,Conservative,http://www.conservative.ca/
"Holder, Ed",ProfileMP.aspx?Key=170265&Language=E,London West,ProfileConstituency.aspx?Key=250&Language=E,Ontario,Conservative,http://www.conservative.ca/
"Hsu, Ted",ProfileMP.aspx?Key=170105&Language=E,Kingston and the Islands,ProfileConstituency.aspx?Key=430&Language=E,Ontario,Liberal,http://www.liberal.ca/
"Hughes, Carol",ProfileMP.aspx?Key=170613&Language=E,Algoma—Manitoulin—Kapuskasing,ProfileConstituency.aspx?Key=398&Language=E,Ontario,NDP,http://www.ndp.ca/
"Hyer, Bruce",ProfileMP.aspx?Key=170584&Language=E,Thunder Bay—Superior North,ProfileConstituency.aspx?Key=477&Language=E,Ontario,Independent
"Jacob, Pierre",ProfileMP.aspx?Key=170131&Language=E,Brome—Missisquoi,ProfileConstituency.aspx?Key=342&Language=E,Québec,NDP,http://www.ndp.ca/
"James, Roxanne",ProfileMP.aspx?Key=170515&Language=E,Scarborough Centre,ProfileConstituency.aspx?Key=468&Language=E,Ontario,Conservative,http://www.conservative.ca/
"Jean, Brian",ProfileMP.aspx?Key=170650&Language=E,Fort McMurray—Athabasca,ProfileConstituency.aspx?Key=510&Language=E,Alberta,Conservative,http://www.conservative.ca/
"Jones, Yvonne",ProfileMP.aspx?Key=194231&Language=E,Labrador,ProfileConstituency.aspx?Key=575&Language=E,Newfoundland and Labrador,Liberal,http://www.liberal.ca/
"Julian, Peter",ProfileMP.aspx?Key=170651&Language=E,Burnaby—New Westminster,ProfileConstituency.aspx?Key=540&Language=E,British Columbia,NDP,http://www.ndp.ca/
"Kamp, Randy ",ProfileMP.aspx?Key=170654&Language=E,Pitt Meadows—Maple Ridge—Mission,ProfileConstituency.aspx?Key=544&Language=E,British Columbia,Conservative,http://www.conservative.ca/
"Karygiannis, Jim (Hon.)",ProfileMP.aspx?Key=170666&Language=E,Scarborough—Agincourt,ProfileConstituency.aspx?Key=467&Language=E,Ontario,Liberal,http://www.liberal.ca/
"Keddy, Gerald  ",ProfileMP.aspx?Key=170590&Language=E,South Shore—St. Margaret's,ProfileConstituency.aspx?Key=320&Language=E,Nova Scotia,Conservative,http://www.conservative.ca/
"Kellway, Matthew",ProfileMP.aspx?Key=170669&Language=E,Beaches—East York,ProfileConstituency.aspx?Key=401&Language=E,Ontario,NDP,http://www.ndp.ca/
"Kenney, Jason   (Hon.)",ProfileMP.aspx?Key=170319&Language=E,Calgary Southeast,ProfileConstituency.aspx?Key=516&Language=E,Alberta,Conservative,http://www.conservative.ca/
"Kent, Peter (Hon.)",ProfileMP.aspx?Key=170520&Language=E,Thornhill,ProfileConstituency.aspx?Key=594&Language=E,Ontario,Conservative,http://www.conservative.ca/
"Kerr, Greg",ProfileMP.aspx?Key=170621&Language=E,West Nova,ProfileConstituency.aspx?Key=322&Language=E,Nova Scotia,Conservative,http://www.conservative.ca/
"Komarnicki, Ed",ProfileMP.aspx?Key=170201&Language=E,Souris—Moose Mountain,ProfileConstituency.aspx?Key=598&Language=E,Saskatchewan,Conservative,http://www.conservative.ca/
"Kramp, Daryl  ",ProfileMP.aspx?Key=170302&Language=E,Prince Edward—Hastings,ProfileConstituency.aspx?Key=461&Language=E,Ontario,Conservative,http://www.conservative.ca/
"Lake, Mike (Hon.)",ProfileMP.aspx?Key=170481&Language=E,Edmonton—Mill Woods—Beaumont,ProfileConstituency.aspx?Key=520&Language=E,Alberta,Conservative,http://www.conservative.ca/
"Lamoureux, Kevin",ProfileMP.aspx?Key=170750&Language=E,Winnipeg North,ProfileConstituency.aspx?Key=502&Language=E,Manitoba,Liberal,http://www.liberal.ca/
"Lapointe, François",ProfileMP.aspx?Key=170820&Language=E,Montmagny—L'Islet—Kamouraska—Rivière-du-Loup,ProfileConstituency.aspx?Key=386&Language=E,Québec,NDP,http://www.ndp.ca/
"Larose, Jean-François",ProfileMP.aspx?Key=170425&Language=E,Repentigny,ProfileConstituency.aspx?Key=381&Language=E,Québec,NDP,http://www.ndp.ca/
"Latendresse, Alexandrine",ProfileMP.aspx?Key=170255&Language=E,Louis-Saint-Laurent,ProfileConstituency.aspx?Key=367&Language=E,Québec,NDP,http://www.ndp.ca/
"Lauzon, Guy",ProfileMP.aspx?Key=170469&Language=E,Stormont—Dundas—South Glengarry,ProfileConstituency.aspx?Key=474&Language=E,Ontario,Conservative,http://www.conservative.ca/
"Laverdière, Hélène",ProfileMP.aspx?Key=170187&Language=E,Laurier—Sainte-Marie,ProfileConstituency.aspx?Key=361&Language=E,Québec,NDP,http://www.ndp.ca/
"Lebel, Denis (Hon.)",ProfileMP.aspx?Key=170385&Language=E,Roberval—Lac-Saint-Jean,ProfileConstituency.aspx?Key=388&Language=E,Québec,Conservative,http://www.conservative.ca/
"LeBlanc, Dominic  (Hon.)",ProfileMP.aspx?Key=170282&Language=E,Beauséjour,ProfileConstituency.aspx?Key=324&Language=E,New Brunswick,Liberal,http://www.liberal.ca/
"LeBlanc, Hélène ",ProfileMP.aspx?Key=170376&Language=E,LaSalle—Émard,ProfileConstituency.aspx?Key=577&Language=E,Québec,NDP,http://www.ndp.ca/
"Leef, Ryan",ProfileMP.aspx?Key=170598&Language=E,Yukon,ProfileConstituency.aspx?Key=571&Language=E,Yukon,Conservative,http://www.conservative.ca/
"Leitch, Kellie (Hon.)",ProfileMP.aspx?Key=170109&Language=E,Simcoe—Grey,ProfileConstituency.aspx?Key=472&Language=E,Ontario,Conservative,http://www.conservative.ca/
"Lemieux, Pierre",ProfileMP.aspx?Key=170630&Language=E,Glengarry—Prescott—Russell,ProfileConstituency.aspx?Key=419&Language=E,Ontario,Conservative,http://www.conservative.ca/
"Leslie, Megan",ProfileMP.aspx?Key=170380&Language=E,Halifax,ProfileConstituency.aspx?Key=315&Language=E,Nova Scotia,NDP,http://www.ndp.ca/
"Leung, Chungsen",ProfileMP.aspx?Key=170724&Language=E,Willowdale,ProfileConstituency.aspx?Key=486&Language=E,Ontario,Conservative,http://www.conservative.ca/
"Liu, Laurin",ProfileMP.aspx?Key=170149&Language=E,Rivière-des-Mille-Îles,ProfileConstituency.aspx?Key=385&Language=E,Québec,NDP,http://www.ndp.ca/
"Lizon, Wladyslaw",ProfileMP.aspx?Key=170501&Language=E,Mississauga East—Cooksville,ProfileConstituency.aspx?Key=438&Language=E,Ontario,Conservative,http://www.conservative.ca/
"Lobb, Ben",ProfileMP.aspx?Key=170244&Language=E,Huron—Bruce,ProfileConstituency.aspx?Key=428&Language=E,Ontario,Conservative,http://www.conservative.ca/
"Lukiwski, Tom",ProfileMP.aspx?Key=170489&Language=E,Regina—Lumsden—Lake Centre,ProfileConstituency.aspx?Key=596&Language=E,Saskatchewan,Conservative,http://www.conservative.ca/
"Lunney, James",ProfileMP.aspx?Key=170537&Language=E,Nanaimo—Alberni,ProfileConstituency.aspx?Key=599&Language=E,British Columbia,Conservative,http://www.conservative.ca/
"MacAulay, Lawrence (Hon.)",ProfileMP.aspx?Key=170490&Language=E,Cardigan,ProfileConstituency.aspx?Key=308&Language=E,Prince Edward Island,Liberal,http://www.liberal.ca/
"MacKay, Peter Gordon (Hon.)",ProfileMP.aspx?Key=170722&Language=E,Central Nova,ProfileConstituency.aspx?Key=313&Language=E,Nova Scotia,Conservative,http://www.conservative.ca/
"MacKenzie, Dave",ProfileMP.aspx?Key=170316&Language=E,Oxford,ProfileConstituency.aspx?Key=592&Language=E,Ontario,Conservative,http://www.conservative.ca/
"Maguire, Larry",ProfileMP.aspx?Key=199873&Language=E,Brandon—Souris,ProfileConstituency.aspx?Key=492&Language=E,Manitoba,Conservative,http://www.conservative.ca/
"Mai, Hoang",ProfileMP.aspx?Key=170410&Language=E,Brossard—La Prairie,ProfileConstituency.aspx?Key=343&Language=E,Québec,NDP,http://www.ndp.ca/
"Marston, Wayne",ProfileMP.aspx?Key=170345&Language=E,Hamilton East—Stoney Creek,ProfileConstituency.aspx?Key=426&Language=E,Ontario,NDP,http://www.ndp.ca/
"Martin, Pat",ProfileMP.aspx?Key=170429&Language=E,Winnipeg Centre,ProfileConstituency.aspx?Key=501&Language=E,Manitoba,NDP,http://www.ndp.ca/
"Masse, Brian",ProfileMP.aspx?Key=170457&Language=E,Windsor West,ProfileConstituency.aspx?Key=574&Language=E,Ontario,NDP,http://www.ndp.ca/
"Mathyssen, Irene",ProfileMP.aspx?Key=170153&Language=E,London—Fanshawe,ProfileConstituency.aspx?Key=589&Language=E,Ontario,NDP,http://www.ndp.ca/
"May, Elizabeth",ProfileMP.aspx?Key=170542&Language=E,Saanich—Gulf Islands,ProfileConstituency.aspx?Key=559&Language=E,British Columbia,Green Party
"Mayes, Colin",ProfileMP.aspx?Key=170658&Language=E,Okanagan—Shuswap,ProfileConstituency.aspx?Key=553&Language=E,British Columbia,Conservative,http://www.conservative.ca/
"McCallum, John (Hon.)",ProfileMP.aspx?Key=170090&Language=E,Markham—Unionville,ProfileConstituency.aspx?Key=435&Language=E,Ontario,Liberal,http://www.liberal.ca/
"McColeman, Phil",ProfileMP.aspx?Key=170101&Language=E,Brant,ProfileConstituency.aspx?Key=405&Language=E,Ontario,Conservative,http://www.conservative.ca/
"McGuinty, David",ProfileMP.aspx?Key=170511&Language=E,Ottawa South,ProfileConstituency.aspx?Key=453&Language=E,Ontario,Liberal,http://www.liberal.ca/
"McKay, John   (Hon.)",ProfileMP.aspx?Key=170172&Language=E,Scarborough—Guildwood,ProfileConstituency.aspx?Key=469&Language=E,Ontario,Liberal,http://www.liberal.ca/
"McLeod, Cathy",ProfileMP.aspx?Key=170455&Language=E,Kamloops—Thompson—Cariboo,ProfileConstituency.aspx?Key=547&Language=E,British Columbia,Conservative,http://www.conservative.ca/
"Menegakis, Costas",ProfileMP.aspx?Key=170529&Language=E,Richmond Hill,ProfileConstituency.aspx?Key=462&Language=E,Ontario,Conservative,http://www.conservative.ca/
"Merrifield, Rob (Hon.)",ProfileMP.aspx?Key=170653&Language=E,Yellowhead,ProfileConstituency.aspx?Key=537&Language=E,Alberta,Conservative,http://www.conservative.ca/
"Michaud, Élaine",ProfileMP.aspx?Key=170119&Language=E,Portneuf—Jacques-Cartier,ProfileConstituency.aspx?Key=379&Language=E,Québec,NDP,http://www.ndp.ca/
"Miller, Larry",ProfileMP.aspx?Key=170502&Language=E,Bruce—Grey—Owen Sound,ProfileConstituency.aspx?Key=420&Language=E,Ontario,Conservative,http://www.conservative.ca/
"Moore, Christine  ",ProfileMP.aspx?Key=170748&Language=E,Abitibi—Témiscamingue,ProfileConstituency.aspx?Key=333&Language=E,Québec,NDP,http://www.ndp.ca/
"Moore, James  (Hon.)",ProfileMP.aspx?Key=170424&Language=E,Port Moody—Westwood—Port Coquitlam,ProfileConstituency.aspx?Key=556&Language=E,British Columbia,Conservative,http://www.conservative.ca/
"Moore, Rob  (Hon.)",ProfileMP.aspx?Key=170571&Language=E,Fundy Royal,ProfileConstituency.aspx?Key=326&Language=E,New Brunswick,Conservative,http://www.conservative.ca/
"Morin, Dany ",ProfileMP.aspx?Key=170347&Language=E,Chicoutimi—Le Fjord,ProfileConstituency.aspx?Key=347&Language=E,Québec,NDP,http://www.ndp.ca/
"Morin, Isabelle ",ProfileMP.aspx?Key=170286&Language=E,Notre-Dame-de-Grâce—Lachine,ProfileConstituency.aspx?Key=373&Language=E,Québec,NDP,http://www.ndp.ca/
"Morin, Marc-André ",ProfileMP.aspx?Key=170527&Language=E,Laurentides—Labelle,ProfileConstituency.aspx?Key=360&Language=E,Québec,NDP,http://www.ndp.ca/
"Morin, Marie-Claude ",ProfileMP.aspx?Key=170267&Language=E,Saint-Hyacinthe—Bagot,ProfileConstituency.aspx?Key=582&Language=E,Québec,NDP,http://www.ndp.ca/
"Mourani, Maria",ProfileMP.aspx?Key=170253&Language=E,Ahuntsic,ProfileConstituency.aspx?Key=334&Language=E,Québec,Independent
"Mulcair, Thomas (Hon.)",ProfileMP.aspx?Key=170208&Language=E,Outremont,ProfileConstituency.aspx?Key=375&Language=E,Québec,NDP,http://www.ndp.ca/
"Murray, Joyce",ProfileMP.aspx?Key=170450&Language=E,Vancouver Quadra,ProfileConstituency.aspx?Key=568&Language=E,British Columbia,Liberal,http://www.liberal.ca/
"Nantel, Pierre",ProfileMP.aspx?Key=170168&Language=E,Longueuil—Pierre-Boucher,ProfileConstituency.aspx?Key=365&Language=E,Québec,NDP,http://www.ndp.ca/
"Nash, Peggy",ProfileMP.aspx?Key=170382&Language=E,Parkdale—High Park,ProfileConstituency.aspx?Key=456&Language=E,Ontario,NDP,http://www.ndp.ca/
"Nicholls, Jamie",ProfileMP.aspx?Key=170174&Language=E,Vaudreuil-Soulanges,ProfileConstituency.aspx?Key=586&Language=E,Québec,NDP,http://www.ndp.ca/
"Nicholson, Rob (Hon.)",ProfileMP.aspx?Key=170414&Language=E,Niagara Falls,ProfileConstituency.aspx?Key=444&Language=E,Ontario,Conservative,http://www.conservative.ca/
"Norlock, Rick",ProfileMP.aspx?Key=170175&Language=E,Northumberland—Quinte West,ProfileConstituency.aspx?Key=448&Language=E,Ontario,Conservative,http://www.conservative.ca/
"Nunez-Melo, José",ProfileMP.aspx?Key=170249&Language=E,Laval,ProfileConstituency.aspx?Key=362&Language=E,Québec,NDP,http://www.ndp.ca/
"Obhrai, Deepak (Hon.)",ProfileMP.aspx?Key=170330&Language=E,Calgary East,ProfileConstituency.aspx?Key=511&Language=E,Alberta,Conservative,http://www.conservative.ca/
"O'Connor, Gordon (Hon.)",ProfileMP.aspx?Key=170107&Language=E,Carleton—Mississippi Mills,ProfileConstituency.aspx?Key=408&Language=E,Ontario,Conservative,http://www.conservative.ca/
"Oliver, Joe (Hon.)",ProfileMP.aspx?Key=170569&Language=E,Eglinton—Lawrence,ProfileConstituency.aspx?Key=414&Language=E,Ontario,Conservative,http://www.conservative.ca/
"O'Neill Gordon, Tilly",ProfileMP.aspx?Key=170369&Language=E,Miramichi,ProfileConstituency.aspx?Key=328&Language=E,New Brunswick,Conservative,http://www.conservative.ca/
"Opitz, Ted",ProfileMP.aspx?Key=170886&Language=E,Etobicoke Centre,ProfileConstituency.aspx?Key=417&Language=E,Ontario,Conservative,http://www.conservative.ca/
"O'Toole, Erin",ProfileMP.aspx?Key=190568&Language=E,Durham,ProfileConstituency.aspx?Key=409&Language=E,Ontario,Conservative,http://www.conservative.ca/
"Pacetti, Massimo",ProfileMP.aspx?Key=170377&Language=E,Saint-Léonard—Saint-Michel,ProfileConstituency.aspx?Key=390&Language=E,Québec,Liberal,http://www.liberal.ca/
"Papillon, Annick",ProfileMP.aspx?Key=170575&Language=E,Québec,ProfileConstituency.aspx?Key=380&Language=E,Québec,NDP,http://www.ndp.ca/
"Paradis, Christian (Hon.)",ProfileMP.aspx?Key=170204&Language=E,Mégantic—L'Érable,ProfileConstituency.aspx?Key=371&Language=E,Québec,Conservative,http://www.conservative.ca/
"Patry, Claude",ProfileMP.aspx?Key=170341&Language=E,Jonquière—Alma,ProfileConstituency.aspx?Key=357&Language=E,Québec,Bloc Québécois,http://www.blocquebecois.org/default.asp
"Payne, LaVar",ProfileMP.aspx?Key=170432&Language=E,Medicine Hat,ProfileConstituency.aspx?Key=530&Language=E,Alberta,Conservative,http://www.conservative.ca/
"Péclet, Ève",ProfileMP.aspx?Key=170505&Language=E,La Pointe-de-l'Île,ProfileConstituency.aspx?Key=359&Language=E,Québec,NDP,http://www.ndp.ca/
"Perreault, Manon",ProfileMP.aspx?Key=170313&Language=E,Montcalm,ProfileConstituency.aspx?Key=372&Language=E,Québec,NDP,http://www.ndp.ca/
"Pilon, François",ProfileMP.aspx?Key=170220&Language=E,Laval—Les Îles,ProfileConstituency.aspx?Key=363&Language=E,Québec,NDP,http://www.ndp.ca/
"Plamondon, Louis",ProfileMP.aspx?Key=170256&Language=E,Bas-Richelieu—Nicolet—Bécancour,ProfileConstituency.aspx?Key=382&Language=E,Québec,Bloc Québécois,http://www.blocquebecois.org/default.asp
"Poilievre, Pierre (Hon.)",ProfileMP.aspx?Key=170277&Language=E,Nepean—Carleton,ProfileConstituency.aspx?Key=442&Language=E,Ontario,Conservative,http://www.conservative.ca/
"Preston, Joe",ProfileMP.aspx?Key=170279&Language=E,Elgin—Middlesex—London,ProfileConstituency.aspx?Key=415&Language=E,Ontario,Conservative,http://www.conservative.ca/
"Quach, Anne Minh-Thu",ProfileMP.aspx?Key=170535&Language=E,Beauharnois—Salaberry,ProfileConstituency.aspx?Key=338&Language=E,Québec,NDP,http://www.ndp.ca/
"Rafferty, John",ProfileMP.aspx?Key=170586&Language=E,Thunder Bay—Rainy River,ProfileConstituency.aspx?Key=476&Language=E,Ontario,NDP,http://www.ndp.ca/
"Raitt, Lisa (Hon.)",ProfileMP.aspx?Key=170517&Language=E,Halton,ProfileConstituency.aspx?Key=424&Language=E,Ontario,Conservative,http://www.conservative.ca/
"Rajotte, James",ProfileMP.aspx?Key=170439&Language=E,Edmonton—Leduc,ProfileConstituency.aspx?Key=523&Language=E,Alberta,Conservative,http://www.conservative.ca/
"Rankin, Murray",ProfileMP.aspx?Key=190572&Language=E,Victoria,ProfileConstituency.aspx?Key=601&Language=E,British Columbia,NDP,http://www.ndp.ca/
"Rathgeber, Brent",ProfileMP.aspx?Key=170123&Language=E,Edmonton—St. Albert,ProfileConstituency.aspx?Key=524&Language=E,Alberta,Independent
"Ravignat, Mathieu",ProfileMP.aspx?Key=170290&Language=E,Pontiac,ProfileConstituency.aspx?Key=378&Language=E,Québec,NDP,http://www.ndp.ca/
"Raynault, Francine",ProfileMP.aspx?Key=170145&Language=E,Joliette,ProfileConstituency.aspx?Key=356&Language=E,Québec,NDP,http://www.ndp.ca/
"Regan, Geoff (Hon.)",ProfileMP.aspx?Key=170113&Language=E,Halifax West,ProfileConstituency.aspx?Key=316&Language=E,Nova Scotia,Liberal,http://www.liberal.ca/
"Reid, Scott",ProfileMP.aspx?Key=170473&Language=E,Lanark—Frontenac—Lennox and Addington,ProfileConstituency.aspx?Key=434&Language=E,Ontario,Conservative,http://www.conservative.ca/
"Rempel, Michelle (Hon.)",ProfileMP.aspx?Key=170436&Language=E,Calgary Centre-North,ProfileConstituency.aspx?Key=512&Language=E,Alberta,Conservative,http://www.conservative.ca/
"Richards, Blake",ProfileMP.aspx?Key=170554&Language=E,Wild Rose,ProfileConstituency.aspx?Key=536&Language=E,Alberta,Conservative,http://www.conservative.ca/
"Rickford, Greg (Hon.)",ProfileMP.aspx?Key=170762&Language=E,Kenora,ProfileConstituency.aspx?Key=429&Language=E,Ontario,Conservative,http://www.conservative.ca/
"Ritz, Gerry (Hon.)",ProfileMP.aspx?Key=170668&Language=E,Battlefords—Lloydminster,ProfileConstituency.aspx?Key=23&Language=E,Saskatchewan,Conservative,http://www.conservative.ca/
"Rousseau, Jean",ProfileMP.aspx?Key=170180&Language=E,Compton—Stanstead,ProfileConstituency.aspx?Key=348&Language=E,Québec,NDP,http://www.ndp.ca/
"Saganash, Romeo",ProfileMP.aspx?Key=170760&Language=E,Abitibi—Baie-James—Nunavik—Eeyou,ProfileConstituency.aspx?Key=374&Language=E,Québec,NDP,http://www.ndp.ca/
"Sandhu, Jasbir",ProfileMP.aspx?Key=170328&Language=E,Surrey North,ProfileConstituency.aspx?Key=563&Language=E,British Columbia,NDP,http://www.ndp.ca/
"Saxton, Andrew",ProfileMP.aspx?Key=170162&Language=E,North Vancouver,ProfileConstituency.aspx?Key=554&Language=E,British Columbia,Conservative,http://www.conservative.ca/
"Scarpaleggia, Francis",ProfileMP.aspx?Key=170322&Language=E,Lac-Saint-Louis,ProfileConstituency.aspx?Key=358&Language=E,Québec,Liberal,http://www.liberal.ca/
"Scheer, Andrew (Hon.)",ProfileMP.aspx?Key=170616&Language=E,Regina—Qu'Appelle,ProfileConstituency.aspx?Key=597&Language=E,Saskatchewan,Conservative,http://www.conservative.ca/
"Schellenberger, Gary",ProfileMP.aspx?Key=170465&Language=E,Perth—Wellington,ProfileConstituency.aspx?Key=458&Language=E,Ontario,Conservative,http://www.conservative.ca/
"Scott, Craig",ProfileMP.aspx?Key=181257&Language=E,Toronto—Danforth,ProfileConstituency.aspx?Key=480&Language=E,Ontario,NDP,http://www.ndp.ca/
"Seeback, Kyle",ProfileMP.aspx?Key=170567&Language=E,Brampton West,ProfileConstituency.aspx?Key=404&Language=E,Ontario,Conservative,http://www.conservative.ca/
"Sellah, Djaouida",ProfileMP.aspx?Key=170386&Language=E,Saint-Bruno—Saint-Hubert,ProfileConstituency.aspx?Key=581&Language=E,Québec,NDP,http://www.ndp.ca/
"Sgro, Judy (Hon.)",ProfileMP.aspx?Key=170467&Language=E,York West,ProfileConstituency.aspx?Key=491&Language=E,Ontario,Liberal,http://www.liberal.ca/
"Shea, Gail (Hon.)",ProfileMP.aspx?Key=170532&Language=E,Egmont,ProfileConstituency.aspx?Key=310&Language=E,Prince Edward Island,Conservative,http://www.conservative.ca/
"Shipley, Bev",ProfileMP.aspx?Key=170137&Language=E,Lambton—Kent—Middlesex,ProfileConstituency.aspx?Key=436&Language=E,Ontario,Conservative,http://www.conservative.ca/
"Shory, Devinder",ProfileMP.aspx?Key=170727&Language=E,Calgary Northeast,ProfileConstituency.aspx?Key=513&Language=E,Alberta,Conservative,http://www.conservative.ca/
"Simms, Scott ",ProfileMP.aspx?Key=170738&Language=E,Bonavista—Gander—Grand Falls—Windsor,ProfileConstituency.aspx?Key=303&Language=E,Newfoundland and Labrador,Liberal,http://www.liberal.ca/
"Sims, Jinny Jogindera ",ProfileMP.aspx?Key=170673&Language=E,Newton—North Delta,ProfileConstituency.aspx?Key=551&Language=E,British Columbia,NDP,http://www.ndp.ca/
"Sitsabaiesan, Rathika",ProfileMP.aspx?Key=170390&Language=E,Scarborough—Rouge River,ProfileConstituency.aspx?Key=470&Language=E,Ontario,NDP,http://www.ndp.ca/
"Smith, Joy",ProfileMP.aspx?Key=170217&Language=E,Kildonan—St. Paul,ProfileConstituency.aspx?Key=497&Language=E,Manitoba,Conservative,http://www.conservative.ca/
"Sopuck, Robert",ProfileMP.aspx?Key=170623&Language=E,Dauphin—Swan River—Marquette,ProfileConstituency.aspx?Key=495&Language=E,Manitoba,Conservative,http://www.conservative.ca/
"Sorenson, Kevin (Hon.)",ProfileMP.aspx?Key=170625&Language=E,Crowfoot,ProfileConstituency.aspx?Key=519&Language=E,Alberta,Conservative,http://www.conservative.ca/
"Stanton, Bruce",ProfileMP.aspx?Key=170447&Language=E,Simcoe North,ProfileConstituency.aspx?Key=473&Language=E,Ontario,Conservative,http://www.conservative.ca/
"St-Denis, Lise",ProfileMP.aspx?Key=170098&Language=E,Saint-Maurice—Champlain,ProfileConstituency.aspx?Key=391&Language=E,Québec,Liberal,http://www.liberal.ca/
"Stewart, Kennedy",ProfileMP.aspx?Key=170419&Language=E,Burnaby—Douglas,ProfileConstituency.aspx?Key=539&Language=E,British Columbia,NDP,http://www.ndp.ca/
"Stoffer, Peter",ProfileMP.aspx?Key=170509&Language=E,Sackville—Eastern Shore,ProfileConstituency.aspx?Key=319&Language=E,Nova Scotia,NDP,http://www.ndp.ca/
"Storseth, Brian",ProfileMP.aspx?Key=170665&Language=E,Westlock—St. Paul,ProfileConstituency.aspx?Key=603&Language=E,Alberta,Conservative,http://www.conservative.ca/
"Strahl, Mark",ProfileMP.aspx?Key=170609&Language=E,Chilliwack—Fraser Canyon,ProfileConstituency.aspx?Key=542&Language=E,British Columbia,Conservative,http://www.conservative.ca/
"Sullivan, Mike",ProfileMP.aspx?Key=170154&Language=E,York South—Weston,ProfileConstituency.aspx?Key=490&Language=E,Ontario,NDP,http://www.ndp.ca/
"Sweet, David",ProfileMP.aspx?Key=170125&Language=E,Ancaster—Dundas—Flamborough—Westdale,ProfileConstituency.aspx?Key=399&Language=E,Ontario,Conservative,http://www.conservative.ca/
"Thibeault, Glenn",ProfileMP.aspx?Key=170117&Language=E,Sudbury,ProfileConstituency.aspx?Key=475&Language=E,Ontario,NDP,http://www.ndp.ca/
"Tilson, David",ProfileMP.aspx?Key=170219&Language=E,Dufferin—Caledon,ProfileConstituency.aspx?Key=413&Language=E,Ontario,Conservative,http://www.conservative.ca/
"Toet, Lawrence",ProfileMP.aspx?Key=170541&Language=E,Elmwood—Transcona,ProfileConstituency.aspx?Key=496&Language=E,Manitoba,Conservative,http://www.conservative.ca/
"Toone, Philip",ProfileMP.aspx?Key=170311&Language=E,Gaspésie—Îles-de-la-Madeleine,ProfileConstituency.aspx?Key=350&Language=E,Québec,NDP,http://www.ndp.ca/
"Tremblay, Jonathan",ProfileMP.aspx?Key=170236&Language=E,Montmorency—Charlevoix—Haute-Côte-Nord,ProfileConstituency.aspx?Key=345&Language=E,Québec,NDP,http://www.ndp.ca/
"Trost, Brad",ProfileMP.aspx?Key=170561&Language=E,Saskatoon—Humboldt,ProfileConstituency.aspx?Key=506&Language=E,Saskatchewan,Conservative,http://www.conservative.ca/
"Trottier, Bernard",ProfileMP.aspx?Key=170234&Language=E,Etobicoke—Lakeshore,ProfileConstituency.aspx?Key=588&Language=E,Ontario,Conservative,http://www.conservative.ca/
"Trudeau, Justin",ProfileMP.aspx?Key=170093&Language=E,Papineau,ProfileConstituency.aspx?Key=376&Language=E,Québec,Liberal,http://www.liberal.ca/
"Truppe, Susan",ProfileMP.aspx?Key=170223&Language=E,London North Centre,ProfileConstituency.aspx?Key=590&Language=E,Ontario,Conservative,http://www.conservative.ca/
"Turmel, Nycole",ProfileMP.aspx?Key=170293&Language=E,Hull—Aylmer,ProfileConstituency.aspx?Key=354&Language=E,Québec,NDP,http://www.ndp.ca/
"Uppal, Tim (Hon.)",ProfileMP.aspx?Key=170494&Language=E,Edmonton—Sherwood Park,ProfileConstituency.aspx?Key=525&Language=E,Alberta,Conservative,http://www.conservative.ca/
"Valcourt, Bernard (Hon.)",ProfileMP.aspx?Key=170415&Language=E,Madawaska—Restigouche,ProfileConstituency.aspx?Key=327&Language=E,New Brunswick,Conservative,http://www.conservative.ca/
"Valeriote, Frank",ProfileMP.aspx?Key=170547&Language=E,Guelph,ProfileConstituency.aspx?Key=421&Language=E,Ontario,Liberal,http://www.liberal.ca/
"Van Kesteren, Dave",ProfileMP.aspx?Key=170243&Language=E,Chatham-Kent—Essex,ProfileConstituency.aspx?Key=587&Language=E,Ontario,Conservative,http://www.conservative.ca/
"Van Loan, Peter (Hon.)",ProfileMP.aspx?Key=170393&Language=E,York—Simcoe,ProfileConstituency.aspx?Key=489&Language=E,Ontario,Conservative,http://www.conservative.ca/
"Vellacott, Maurice",ProfileMP.aspx?Key=170552&Language=E,Saskatoon—Wanuskewin,ProfileConstituency.aspx?Key=508&Language=E,Saskatchewan,Conservative,http://www.conservative.ca/
"Wallace, Mike",ProfileMP.aspx?Key=170531&Language=E,Burlington,ProfileConstituency.aspx?Key=406&Language=E,Ontario,Conservative,http://www.conservative.ca/
"Warawa, Mark",ProfileMP.aspx?Key=170478&Language=E,Langley,ProfileConstituency.aspx?Key=550&Language=E,British Columbia,Conservative,http://www.conservative.ca/
"Warkentin, Chris",ProfileMP.aspx?Key=170770&Language=E,Peace River,ProfileConstituency.aspx?Key=531&Language=E,Alberta,Conservative,http://www.conservative.ca/
"Watson, Jeff",ProfileMP.aspx?Key=170523&Language=E,Essex,ProfileConstituency.aspx?Key=416&Language=E,Ontario,Conservative,http://www.conservative.ca/
"Weston, John ",ProfileMP.aspx?Key=170578&Language=E,West Vancouver—Sunshine Coast—Sea to Sky Country,ProfileConstituency.aspx?Key=570&Language=E,British Columbia,Conservative,http://www.conservative.ca/
"Weston, Rodney ",ProfileMP.aspx?Key=170164&Language=E,Saint John,ProfileConstituency.aspx?Key=331&Language=E,New Brunswick,Conservative,http://www.conservative.ca/
"Wilks, David",ProfileMP.aspx?Key=170736&Language=E,Kootenay—Columbia,ProfileConstituency.aspx?Key=549&Language=E,British Columbia,Conservative,http://www.conservative.ca/
"Williamson, John",ProfileMP.aspx?Key=170573&Language=E,New Brunswick Southwest,ProfileConstituency.aspx?Key=330&Language=E,New Brunswick,Conservative,http://www.conservative.ca/
"Wong, Alice (Hon.)",ProfileMP.aspx?Key=170326&Language=E,Richmond,ProfileConstituency.aspx?Key=558&Language=E,British Columbia,Conservative,http://www.conservative.ca/
"Woodworth, Stephen",ProfileMP.aspx?Key=170115&Language=E,Kitchener Centre,ProfileConstituency.aspx?Key=431&Language=E,Ontario,Conservative,http://www.conservative.ca/
"Yelich, Lynne (Hon.)",ProfileMP.aspx?Key=170549&Language=E,Blackstrap,ProfileConstituency.aspx?Key=24&Language=E,Saskatchewan,Conservative,http://www.conservative.ca/
"Young, Terence ",ProfileMP.aspx?Key=170498&Language=E,Oakville,ProfileConstituency.aspx?Key=450&Language=E,Ontario,Conservative,http://www.conservative.ca/
"Young, Wai ",ProfileMP.aspx?Key=170611&Language=E,Vancouver South,ProfileConstituency.aspx?Key=569&Language=E,British Columbia,Conservative,http://www.conservative.ca/
"Zimmer, Bob",ProfileMP.aspx?Key=170730&Language=E,Prince George—Peace River,ProfileConstituency.aspx?Key=557&Language=E,British Columbia,Conservative,http://www.conservative.ca/
